"0","# First, let's create some fictitious data to illustrate the concept of simple linear regression."
"0","# Suppose we have an independent variable x and a dependent variable y."
"0","# Generate 20 random values for x between 0 and 10."
"0","set.seed(123) # to ensure reproducibility of results"
"0","x <- runif(20, 0, 10)"
"0",""
"0","# Generate 20 values for y using a linear function with a slope of 2 and an intercept of 5, plus some random noise."
"0","y <- 2 * x + 5 + rnorm(20, 0, 1)"
"0",""
"0","# Now, let's plot the data on a scatter plot."
"0","plot(x, y, main = ""Scatter plot of the data"", xlab = ""x"", ylab = ""y"")"
